﻿<?xml version="1.0" encoding="utf-8"?>
<ShapeManager>
  <StateShape Name="Start" Color="" X="66" Y="284" R="32" Type="Start" />
  <StateShape Name="Integer" Color="Number" X="211" Y="137" R="32" Type="Finish" />
  <StateShape Name="DoubleWaiting" Color="" X="352" Y="135" R="32" Type="Normal" />
  <StateShape Name="Double" Color="Number" X="480" Y="137" R="32" Type="Finish" />
  <StateShape Name="Id" Color="Id" X="211" Y="283" R="32" Type="Finish" />
  <StateShape Name="Operator" Color="Operator" X="209" Y="420" R="32" Type="Finish" />
  <ArrowShape Name="+=*/()," X="137" Y="361" R="5" Start="0" End="5" />
  <ArrowShape Name="a-zA-Z_" X="142" Y="284" R="5" Start="0" End="4" />
  <ArrowShape Name="a-zA-Z0-9_" X="294" Y="285" R="5" Start="4" End="4" />
  <ArrowShape Name="0-9" X="138" Y="210" R="5" Start="0" End="1" />
  <ArrowShape Name="." X="281" Y="136" R="5" Start="1" End="2" />
  <ArrowShape Name="0-9" X="416" Y="136" R="5" Start="2" End="3" />
  <ArrowShape Name="0-9" X="209" Y="65" R="5" Start="1" End="1" />
  <ArrowShape Name="0-9" X="479" Y="65" R="5" Start="3" End="3" />
</ShapeManager>