﻿<?xml version="1.0" encoding="utf-8"?>
<ShapeManager>
  <StateShape Name="Start" Color="" X="60" Y="342" R="32" Type="Start" />
  <StateShape Name="Id*" Color="Id" X="188" Y="92" R="32" Type="Finish" />
  <StateShape Name="InString" Color="" X="194" Y="229" R="32" Type="Normal" />
  <StateShape Name="InStringEscaping" Color="" X="349" Y="227" R="32" Type="Normal" />
  <StateShape Name="InChar" Color="" X="199" Y="342" R="32" Type="Normal" />
  <StateShape Name="InCharEscaping" Color="" X="347" Y="345" R="32" Type="Normal" />
  <StateShape Name="String" Color="String" X="501" Y="293" R="32" Type="Finish" />
  <StateShape Name="CommentStart" Color="" X="195" Y="542" R="32" Type="Partial" />
  <StateShape Name="SingleLineComment" Color="Comment" X="351" Y="497" R="32" Type="Finish" />
  <StateShape Name="InMultipleLineComment" Color="" X="362" Y="685" R="32" Type="Normal" />
  <StateShape Name="InMultipleLineCommentWaitingToFinish" Color="" X="559" Y="683" R="32" Type="Normal" />
  <StateShape Name="MultipleLineComment" Color="Comment" X="777" Y="683" R="32" Type="Finish" />
  <ArrowShape Name="a-zA-Z_#" X="124" Y="217" R="5" Start="0" End="1" />
  <ArrowShape Name="a-zA-Z0-9_" X="187" Y="32" R="5" Start="1" End="1" />
  <ArrowShape Name="&quot;" X="127" Y="285" R="5" Start="0" End="2" />
  <ArrowShape Name="'" X="129" Y="342" R="5" Start="0" End="4" />
  <ArrowShape Name="&quot;" X="383" Y="153" R="5" Start="2" End="6" />
  <ArrowShape Name="'" X="406" Y="407" R="5" Start="4" End="6" />
  <ArrowShape Name="\\" X="272" Y="207" R="5" Start="2" End="3" />
  <ArrowShape Name="^\n" X="274" Y="244" R="5" Start="3" End="2" />
  <ArrowShape Name="\\" X="273" Y="322" R="5" Start="4" End="5" />
  <ArrowShape Name="^\n" X="274" Y="359" R="5" Start="5" End="4" />
  <ArrowShape Name="^\\\n&quot;" X="193" Y="171" R="5" Start="2" End="2" />
  <ArrowShape Name="^\\\n'" X="200" Y="406" R="5" Start="4" End="4" />
  <ArrowShape Name="/" X="127" Y="442" R="5" Start="0" End="7" />
  <ArrowShape Name="/" X="258" Y="467" R="5" Start="7" End="8" />
  <ArrowShape Name="^\n" X="455" Y="501" R="5" Start="8" End="8" />
  <ArrowShape Name="*" X="278" Y="613" R="5" Start="7" End="9" />
  <ArrowShape Name="*" X="460" Y="726" R="5" Start="9" End="10" />
  <ArrowShape Name="*" X="562" Y="613" R="5" Start="10" End="10" />
  <ArrowShape Name="/" X="674" Y="661" R="5" Start="10" End="11" />
  <ArrowShape Name="^/" X="457" Y="657" R="5" Start="10" End="9" />
  <ArrowShape Name="^*/" X="370" Y="632" R="5" Start="9" End="9" />
</ShapeManager>