﻿<?xml version="1.0" encoding="utf-8"?>
<ShapeManager>
  <StateShape Name="Start" Color="" X="73" Y="659" R="32" Type="Start" />
  <StateShape Name="Id*" Color="Id" X="315" Y="215" R="32" Type="Finish" />
  <StateShape Name="NativeId*" Color="Id" X="475" Y="215" R="32" Type="Finish" />
  <StateShape Name="NativeIdStart" Color="" X="258" Y="84" R="32" Type="Normal" />
  <StateShape Name="NativeIdIn" Color="" X="409" Y="94" R="32" Type="Normal" />
  <StateShape Name="NativeIdEscaping" Color="" X="578" Y="98" R="32" Type="Normal" />
  <StateShape Name="CharIn" Color="" X="298" Y="356" R="32" Type="Normal" />
  <StateShape Name="CharEscaping" Color="" X="482" Y="353" R="32" Type="Normal" />
  <StateShape Name="String" Color="String" X="656" Y="445" R="32" Type="Finish" />
  <StateShape Name="StringIn" Color="" X="303" Y="534" R="32" Type="Normal" />
  <StateShape Name="StringEscaping" Color="" X="501" Y="528" R="32" Type="Normal" />
  <StateShape Name="WStart" Color="" X="219" Y="451" R="32" Type="Partial" />
  <StateShape Name="Integer" Color="Number" X="288" Y="679" R="32" Type="Finish" />
  <StateShape Name="Float" Color="Number" X="467" Y="699" R="32" Type="Finish" />
  <StateShape Name="Double" Color="Number" X="610" Y="698" R="32" Type="Finish" />
  <StateShape Name="TypedInteger" Color="Number" X="164" Y="778" R="32" Type="Finish" />
  <StateShape Name="SizedInteger" Color="Number" X="731" Y="787" R="32" Type="Finish" />
  <StateShape Name="Sized16Integer" Color="" X="316" Y="804" R="32" Type="Normal" />
  <StateShape Name="Sized32Integer" Color="" X="419" Y="851" R="32" Type="Normal" />
  <StateShape Name="Sized64Integer" Color="" X="547" Y="917" R="32" Type="Normal" />
  <StateShape Name="MultipleLineCommentIn" Color="" X="313" Y="1083" R="32" Type="Normal" />
  <StateShape Name="CommentStart" Color="" X="182" Y="967" R="32" Type="Partial" />
  <StateShape Name="SingleLineComment" Color="Comment" X="335" Y="970" R="32" Type="Finish" />
  <StateShape Name="MultipleLineCommentWaiting" Color="" X="512" Y="1081" R="32" Type="Normal" />
  <StateShape Name="MultipleLineComment" Color="Comment" X="733" Y="1079" R="32" Type="Finish" />
  <ArrowShape Name="a-zA-KM-Z_" X="147" Y="297" R="5" Start="0" End="1" />
  <ArrowShape Name="a-zA-Z0-9_" X="391" Y="212" R="5" Start="1" End="1" />
  <ArrowShape Name="@" X="104" Y="186" R="5" Start="0" End="3" />
  <ArrowShape Name="a-zA-Z_" X="245" Y="174" R="5" Start="3" End="1" />
  <ArrowShape Name="&quot;" X="322" Y="134" R="5" Start="3" End="4" />
  <ArrowShape Name="\\" X="497" Y="138" R="5" Start="4" End="5" />
  <ArrowShape Name="\." X="493" Y="43" R="5" Start="5" End="4" />
  <ArrowShape Name="^\\&quot;" X="385" Y="40" R="5" Start="4" End="4" />
  <ArrowShape Name="&quot;" X="419" Y="150" R="5" Start="4" End="2" />
  <ArrowShape Name="'" X="152" Y="384" R="5" Start="0" End="6" />
  <ArrowShape Name="\\" X="396" Y="379" R="5" Start="6" End="7" />
  <ArrowShape Name="\." X="396" Y="334" R="5" Start="7" End="6" />
  <ArrowShape Name="^\\'" X="279" Y="378" R="5" Start="6" End="6" />
  <ArrowShape Name="'" X="469" Y="279" R="5" Start="6" End="8" />
  <ArrowShape Name="\\" X="403" Y="559" R="5" Start="9" End="10" />
  <ArrowShape Name="&quot;" X="196" Y="608" R="5" Start="0" End="9" />
  <ArrowShape Name="&quot;" X="484" Y="612" R="5" Start="9" End="8" />
  <ArrowShape Name="^\\&quot;" X="239" Y="522" R="5" Start="9" End="9" />
  <ArrowShape Name="L" X="136" Y="558" R="5" Start="0" End="11" />
  <ArrowShape Name="'" X="283" Y="418" R="5" Start="11" End="6" />
  <ArrowShape Name="&quot;" X="289" Y="471" R="5" Start="11" End="9" />
  <ArrowShape Name="a-zA-Z0-9_" X="170" Y="191" R="5" Start="11" End="3" />
  <ArrowShape Name="0-9" X="187" Y="671" R="5" Start="0" End="12" />
  <ArrowShape Name="0-9" X="285" Y="616" R="5" Start="12" End="12" />
  <ArrowShape Name="." X="374" Y="682" R="5" Start="12" End="13" />
  <ArrowShape Name="0-9" X="465" Y="636" R="5" Start="13" End="13" />
  <ArrowShape Name="f" X="538" Y="685" R="5" Start="13" End="14" />
  <ArrowShape Name="F" X="539" Y="720" R="5" Start="13" End="14" />
  <ArrowShape Name="s" X="181" Y="728" R="5" Start="12" End="15" />
  <ArrowShape Name="u" X="220" Y="745" R="5" Start="12" End="15" />
  <ArrowShape Name="8" X="469" Y="755" R="5" Start="15" End="16" />
  <ArrowShape Name="1" X="239" Y="795" R="5" Start="15" End="17" />
  <ArrowShape Name="3" X="333" Y="859" R="5" Start="15" End="18" />
  <ArrowShape Name="6" X="425" Y="924" R="5" Start="15" End="19" />
  <ArrowShape Name="6" X="524" Y="815" R="5" Start="17" End="16" />
  <ArrowShape Name="2" X="577" Y="840" R="5" Start="18" End="16" />
  <ArrowShape Name="4" X="640" Y="853" R="5" Start="19" End="16" />
  <ArrowShape Name="/" X="72" Y="855" R="5" Start="0" End="21" />
  <ArrowShape Name="*" X="247" Y="1025" R="5" Start="21" End="20" />
  <ArrowShape Name="/" X="254" Y="938" R="5" Start="21" End="22" />
  <ArrowShape Name="^\n" X="334" Y="915" R="5" Start="22" End="22" />
  <ArrowShape Name="^*" X="317" Y="1031" R="5" Start="20" End="20" />
  <ArrowShape Name="*" X="410" Y="1110" R="5" Start="20" End="23" />
  <ArrowShape Name="^/" X="410" Y="1057" R="5" Start="23" End="20" />
  <ArrowShape Name="/" X="619" Y="1059" R="5" Start="23" End="24" />
  <ArrowShape Name="\." X="402" Y="508" R="5" Start="10" End="9" />
</ShapeManager>