﻿<?xml version="1.0" encoding="utf-8"?>
<ShapeManager>
  <StateShape Name="Start" Color="" X="798" Y="659" R="32" Type="Start" />
  <StateShape Name="Id" Color="Id" X="1040" Y="215" R="32" Type="Finish" />
  <StateShape Name="NativeId" Color="Id" X="1200" Y="215" R="32" Type="Finish" />
  <StateShape Name="NativeIdStart" Color="" X="983" Y="84" R="32" Type="Normal" />
  <StateShape Name="NativeIdIn" Color="" X="1134" Y="94" R="32" Type="Normal" />
  <StateShape Name="NativeIdEscaping" Color="" X="1303" Y="98" R="32" Type="Normal" />
  <StateShape Name="CharIn" Color="" X="1023" Y="356" R="32" Type="Normal" />
  <StateShape Name="CharEscaping" Color="" X="1207" Y="353" R="32" Type="Normal" />
  <StateShape Name="String" Color="String" X="1381" Y="445" R="32" Type="Finish" />
  <StateShape Name="StringIn" Color="" X="1028" Y="534" R="32" Type="Normal" />
  <StateShape Name="StringEscaping" Color="" X="1226" Y="528" R="32" Type="Normal" />
  <StateShape Name="WStart" Color="" X="944" Y="451" R="32" Type="Partial" />
  <StateShape Name="Integer" Color="Number" X="1013" Y="679" R="32" Type="Finish" />
  <StateShape Name="Float" Color="Number" X="1192" Y="699" R="32" Type="Finish" />
  <StateShape Name="Double" Color="Number" X="1335" Y="698" R="32" Type="Finish" />
  <StateShape Name="TypedInteger" Color="Number" X="889" Y="778" R="32" Type="Finish" />
  <StateShape Name="SizedInteger" Color="Number" X="1456" Y="787" R="32" Type="Finish" />
  <StateShape Name="Sized16Integer" Color="" X="1041" Y="804" R="32" Type="Normal" />
  <StateShape Name="Sized32Integer" Color="" X="1144" Y="851" R="32" Type="Normal" />
  <StateShape Name="Sized64Integer" Color="" X="1272" Y="917" R="32" Type="Normal" />
  <StateShape Name="MultipleLineCommentIn" Color="" X="1038" Y="1083" R="32" Type="Normal" />
  <StateShape Name="Op_Divid" Color="Operator" X="907" Y="967" R="32" Type="Finish" />
  <StateShape Name="SingleLineComment" Color="Comment" X="1098" Y="970" R="32" Type="Finish" />
  <StateShape Name="MultipleLineCommentWaiting" Color="" X="1237" Y="1081" R="32" Type="Normal" />
  <StateShape Name="MultipleLineComment" Color="Comment" X="1458" Y="1079" R="32" Type="Finish" />
  <StateShape Name="Op_Single" Color="Operator" X="811" Y="1091" R="32" Type="Finish" />
  <StateShape Name="Op_Minus" Color="Operator" X="528" Y="1077" R="32" Type="Finish" />
  <StateShape Name="Op_Add" Color="Operator" X="529" Y="956" R="32" Type="Finish" />
  <StateShape Name="Op_Double" Color="Operator" X="221" Y="861" R="32" Type="Finish" />
  <StateShape Name="Op_Not" Color="Operator" X="526" Y="849" R="32" Type="Finish" />
  <StateShape Name="Op_Multiply" Color="Operator" X="533" Y="1200" R="32" Type="Finish" />
  <StateShape Name="Op_Mod" Color="Operator" X="525" Y="751" R="32" Type="Finish" />
  <StateShape Name="Op_Lt" Color="Operator" X="523" Y="661" R="32" Type="Finish" />
  <StateShape Name="Op_Gt" Color="Operator" X="522" Y="580" R="32" Type="Finish" />
  <StateShape Name="Op_Eq" Color="Operator" X="521" Y="494" R="32" Type="Finish" />
  <StateShape Name="Op_BitAnd" Color="Operator" X="515" Y="397" R="32" Type="Finish" />
  <StateShape Name="Op_Double2" Color="Operator" X="92" Y="660" R="32" Type="Finish" />
  <StateShape Name="Op_Or" Color="Operator" X="514" Y="306" R="32" Type="Finish" />
  <StateShape Name="Op_Xor" Color="Operator" X="513" Y="203" R="32" Type="Finish" />
  <ArrowShape Name="a-zA-KM-Z_" X="872" Y="297" R="5" Start="0" End="1" />
  <ArrowShape Name="a-zA-Z0-9_" X="1116" Y="212" R="5" Start="1" End="1" />
  <ArrowShape Name="@" X="829" Y="186" R="5" Start="0" End="3" />
  <ArrowShape Name="a-zA-Z_" X="970" Y="174" R="5" Start="3" End="1" />
  <ArrowShape Name="&quot;" X="1047" Y="134" R="5" Start="3" End="4" />
  <ArrowShape Name="\\" X="1222" Y="138" R="5" Start="4" End="5" />
  <ArrowShape Name="\." X="1218" Y="43" R="5" Start="5" End="4" />
  <ArrowShape Name="^\\&quot;" X="1110" Y="40" R="5" Start="4" End="4" />
  <ArrowShape Name="&quot;" X="1144" Y="150" R="5" Start="4" End="2" />
  <ArrowShape Name="'" X="877" Y="384" R="5" Start="0" End="6" />
  <ArrowShape Name="\\" X="1121" Y="379" R="5" Start="6" End="7" />
  <ArrowShape Name="\." X="1121" Y="334" R="5" Start="7" End="6" />
  <ArrowShape Name="^\\'" X="1004" Y="378" R="5" Start="6" End="6" />
  <ArrowShape Name="'" X="1194" Y="279" R="5" Start="6" End="8" />
  <ArrowShape Name="\\" X="1128" Y="559" R="5" Start="9" End="10" />
  <ArrowShape Name="&quot;" X="921" Y="608" R="5" Start="0" End="9" />
  <ArrowShape Name="&quot;" X="1209" Y="612" R="5" Start="9" End="8" />
  <ArrowShape Name="^\\&quot;" X="964" Y="522" R="5" Start="9" End="9" />
  <ArrowShape Name="L" X="861" Y="558" R="5" Start="0" End="11" />
  <ArrowShape Name="'" X="1008" Y="418" R="5" Start="11" End="6" />
  <ArrowShape Name="&quot;" X="1014" Y="471" R="5" Start="11" End="9" />
  <ArrowShape Name="a-zA-Z0-9_" X="895" Y="191" R="5" Start="11" End="3" />
  <ArrowShape Name="0-9" X="912" Y="671" R="5" Start="0" End="12" />
  <ArrowShape Name="0-9" X="1010" Y="616" R="5" Start="12" End="12" />
  <ArrowShape Name="." X="1099" Y="682" R="5" Start="12" End="13" />
  <ArrowShape Name="0-9" X="1190" Y="636" R="5" Start="13" End="13" />
  <ArrowShape Name="f" X="1263" Y="685" R="5" Start="13" End="14" />
  <ArrowShape Name="F" X="1264" Y="720" R="5" Start="13" End="14" />
  <ArrowShape Name="s" X="906" Y="728" R="5" Start="12" End="15" />
  <ArrowShape Name="u" X="945" Y="745" R="5" Start="12" End="15" />
  <ArrowShape Name="8" X="1194" Y="755" R="5" Start="15" End="16" />
  <ArrowShape Name="1" X="964" Y="795" R="5" Start="15" End="17" />
  <ArrowShape Name="3" X="1058" Y="859" R="5" Start="15" End="18" />
  <ArrowShape Name="6" X="1150" Y="924" R="5" Start="15" End="19" />
  <ArrowShape Name="6" X="1249" Y="815" R="5" Start="17" End="16" />
  <ArrowShape Name="2" X="1302" Y="840" R="5" Start="18" End="16" />
  <ArrowShape Name="4" X="1365" Y="853" R="5" Start="19" End="16" />
  <ArrowShape Name="/" X="854" Y="858" R="5" Start="0" End="21" />
  <ArrowShape Name="*" X="972" Y="1025" R="5" Start="21" End="20" />
  <ArrowShape Name="/" X="979" Y="938" R="5" Start="21" End="22" />
  <ArrowShape Name="^\n" X="1169" Y="996" R="5" Start="22" End="22" />
  <ArrowShape Name="^*" X="1042" Y="1031" R="5" Start="20" End="20" />
  <ArrowShape Name="*" X="1135" Y="1110" R="5" Start="20" End="23" />
  <ArrowShape Name="^/" X="1135" Y="1057" R="5" Start="23" End="20" />
  <ArrowShape Name="/" X="1344" Y="1059" R="5" Start="23" End="24" />
  <ArrowShape Name="\." X="1127" Y="508" R="5" Start="10" End="9" />
  <ArrowShape Name="[](){}.,;:~" X="814" Y="893" R="5" Start="0" End="25" />
  <ArrowShape Name="-" X="683" Y="914" R="5" Start="0" End="26" />
  <ArrowShape Name="+" X="655" Y="841" R="5" Start="0" End="27" />
  <ArrowShape Name="+" X="405" Y="923" R="5" Start="27" End="28" />
  <ArrowShape Name="=" X="405" Y="899" R="5" Start="27" End="28" />
  <ArrowShape Name="-" X="384" Y="982" R="5" Start="26" End="28" />
  <ArrowShape Name="&gt;" X="396" Y="1012" R="5" Start="26" End="28" />
  <ArrowShape Name="=" X="371" Y="950" R="5" Start="26" End="28" />
  <ArrowShape Name="!" X="646" Y="792" R="5" Start="0" End="29" />
  <ArrowShape Name="=" X="372" Y="844" R="5" Start="29" End="28" />
  <ArrowShape Name="=" X="496" Y="1264" R="5" Start="21" End="28" />
  <ArrowShape Name="*" X="710" Y="1017" R="5" Start="0" End="30" />
  <ArrowShape Name="=" X="394" Y="1098" R="5" Start="30" End="28" />
  <ArrowShape Name="%" X="660" Y="710" R="5" Start="0" End="31" />
  <ArrowShape Name="=" X="373" Y="806" R="5" Start="31" End="28" />
  <ArrowShape Name="&lt;" X="660" Y="660" R="5" Start="0" End="32" />
  <ArrowShape Name="&gt;" X="660" Y="619" R="5" Start="0" End="33" />
  <ArrowShape Name="=" X="659" Y="576" R="5" Start="0" End="34" />
  <ArrowShape Name="=" X="372" Y="761" R="5" Start="32" End="28" />
  <ArrowShape Name="=" X="371" Y="720" R="5" Start="33" End="28" />
  <ArrowShape Name="=" X="371" Y="677" R="5" Start="34" End="28" />
  <ArrowShape Name="&amp;" X="656" Y="528" R="5" Start="0" End="35" />
  <ArrowShape Name="|" X="656" Y="482" R="5" Start="0" End="37" />
  <ArrowShape Name="\^" X="655" Y="431" R="5" Start="0" End="38" />
  <ArrowShape Name="&amp;" X="325" Y="461" R="5" Start="35" End="36" />
  <ArrowShape Name="=" X="368" Y="629" R="5" Start="35" End="28" />
  <ArrowShape Name="=" X="367" Y="583" R="5" Start="37" End="28" />
  <ArrowShape Name="=" X="367" Y="532" R="5" Start="38" End="28" />
  <ArrowShape Name="=" X="142" Y="774" R="5" Start="36" End="28" />
  <ArrowShape Name="|" X="293" Y="445" R="5" Start="37" End="36" />
  <ArrowShape Name="&gt;" X="236" Y="640" R="5" Start="33" End="36" />
  <ArrowShape Name="&lt;" X="236" Y="676" R="5" Start="32" End="36" />
</ShapeManager>